-- RV SAMAR MIGRATION
-- Table creation and initial seeding


CREATE TABLE samar_klasa_wr (
    id BIGINT PRIMARY KEY,
    nazwa TEXT NOT NULL
);


CREATE TABLE ltr_admin_korekta_wr_roczniks (
    id BIGINT PRIMARY KEY,
    rocznik TEXT NOT NULL,
    korekta_procent NUMERIC(10,4) NOT NULL
);


CREATE TABLE ltr_admin_korekta_wr_kolors (
    id BIGINT PRIMARY KEY,
    kolor TEXT NOT NULL,
    korekta_procent NUMERIC(10,4) NOT NULL
);


CREATE TABLE ltr_admin_korekta_wr_zabudowas (
    id BIGINT PRIMARY KEY,
    rodzaj_zabudowy TEXT NOT NULL,
    korekta_procent NUMERIC(10,4) NOT NULL
);


CREATE TABLE ltr_admin_tabela_wr_klasas (
    id BIGINT PRIMARY KEY,
    rodzaj_paliwa INT NOT NULL,
    klasa_wr_id BIGINT REFERENCES samar_klasa_wr(id),
    korekta_procent NUMERIC(10,4) NOT NULL
);


CREATE TABLE ltr_admin_korekta_wr_markas (
    id BIGINT PRIMARY KEY,
    rodzaj_paliwa INT NOT NULL,
    klasa_wr_id BIGINT REFERENCES samar_klasa_wr(id),
    marka_id BIGINT,
    korekta_procent NUMERIC(10,4) NOT NULL
);


CREATE TABLE ltr_admin_tabela_wr_deprecjacjas (
    id BIGINT PRIMARY KEY,
    rodzaj_paliwa INT NOT NULL,
    klasa_wr_id BIGINT REFERENCES samar_klasa_wr(id),
    rok INT NOT NULL,
    korekta_procent NUMERIC(10,4) NOT NULL
);


CREATE TABLE ltr_admin_tabela_wr_doposazenies (
    id BIGINT PRIMARY KEY,
    liczba_lat INT NOT NULL,
    rodzaj_paliwa INT NOT NULL,
    klasa_wr_id BIGINT REFERENCES samar_klasa_wr(id),
    korekta_procent NUMERIC(10,4) NOT NULL
);


CREATE TABLE ltr_admin_tabela_wr_przebiegs (
    id BIGINT PRIMARY KEY,
    klasa_wr_id BIGINT REFERENCES samar_klasa_wr(id),
    korekta_procent_ponizej_190 NUMERIC(10,4) NOT NULL,
    korekta_procent_powyzej_190 NUMERIC(10,4) NOT NULL
);

-- SEEDING samar_klasa_wr
INSERT INTO samar_klasa_wr (id, nazwa) VALUES
(1, 'A'),
(2, 'Asport'),
(3, 'B'),
(4, 'Bsport'),
(5, 'Bsuv'),
(6, 'Bvan'),
(7, 'C'),
(8, 'Csport'),
(9, 'Csuv'),
(10, 'Cvan'),
(11, 'D'),
(12, 'Dsport'),
(13, 'Dsuv'),
(14, 'Dvan'),
(15, 'E'),
(16, 'Esuv'),
(17, 'F'),
(18, 'Fsport'),
(19, 'Fsuv'),
(20, 'M'),
(21, 'Mvan'),
(22, 'R'),
(23, 'P'),
(24, 'T PICK_UP');

-- SEEDING ltr_admin_korekta_wr_roczniks
INSERT INTO ltr_admin_korekta_wr_roczniks (id, rocznik, korekta_procent) VALUES
(1, 'bie┼╝─àcy', 0),
(2, 'bie┼╝─àcy-1', 0);

-- SEEDING ltr_admin_korekta_wr_kolors
INSERT INTO ltr_admin_korekta_wr_kolors (id, kolor, korekta_procent) VALUES
(1, 'metalik', 0),
(2, 'niemetalik', 0);

-- SEEDING ltr_admin_korekta_wr_zabudowas
INSERT INTO ltr_admin_korekta_wr_zabudowas (id, rodzaj_zabudowy, korekta_procent) VALUES
(1, 'ND', 0),
(2, 'P', 0),
(3, 'Px', 0);

-- SEEDING ltr_admin_tabela_wr_klasas
INSERT INTO ltr_admin_tabela_wr_klasas (id, rodzaj_paliwa, korekta_procent, klasa_wr_id) VALUES
(61, 1, 0.568, 1),
(62, 1, 0.448, 2),
(63, 1, 0.544, 3),
(64, 1, 0.448, 4),
(65, 1, 0.496, 6),
(66, 1, 0.544, 5),
(67, 1, 0.52, 7),
(68, 1, 0.448, 8),
(69, 1, 0.496, 10),
(70, 1, 0.52, 9),
(71, 1, 0.496, 11),
(72, 1, 0.448, 12),
(73, 1, 0.496, 14),
(74, 1, 0.496, 13),
(75, 1, 0.472, 15),
(76, 1, 0.472, 16),
(77, 1, 0.424, 17),
(78, 1, 0.448, 18),
(79, 1, 0.424, 19),
(80, 1, 0.568, 20),
(81, 1, 0.496, 21),
(82, 1, 0.544, 22),
(83, 1, 0.52, 23),
(84, 1, 0.544, 24),
(85, 2, 0.568, 1),
(86, 2, 0.448, 2),
(87, 2, 0.544, 3),
(88, 2, 0.448, 4),
(89, 2, 0.496, 6),
(90, 2, 0.544, 5),
(91, 2, 0.52, 7),
(92, 2, 0.448, 8),
(93, 2, 0.496, 10),
(94, 2, 0.52, 9),
(95, 2, 0.496, 11),
(96, 2, 0.448, 12),
(97, 2, 0.496, 14),
(98, 2, 0.496, 13),
(99, 2, 0.472, 15),
(100, 2, 0.472, 16),
(101, 2, 0.424, 17),
(102, 2, 0.448, 18),
(103, 2, 0.424, 19),
(104, 2, 0.568, 20),
(105, 2, 0.496, 21),
(106, 2, 0.544, 22),
(107, 2, 0.52, 23),
(108, 2, 0.544, 24),
(109, 4, 0.568, 1),
(110, 4, 0.448, 2),
(111, 4, 0.544, 3),
(112, 4, 0.448, 4),
(113, 4, 0.496, 6),
(114, 4, 0.544, 5),
(115, 4, 0.52, 7),
(116, 4, 0.448, 8),
(117, 4, 0.496, 10),
(118, 4, 0.52, 9),
(119, 4, 0.496, 11),
(120, 4, 0.448, 12),
(121, 4, 0.496, 14),
(122, 4, 0.496, 13),
(123, 4, 0.472, 15),
(124, 4, 0.472, 16),
(125, 4, 0.424, 17),
(126, 4, 0.448, 18),
(127, 4, 0.424, 19),
(128, 4, 0.568, 20),
(129, 4, 0.496, 21),
(130, 4, 0.544, 22),
(131, 4, 0.52, 23),
(132, 4, 0.544, 24),
(133, 5, 0.568, 1),
(134, 5, 0.448, 2),
(135, 5, 0.544, 3),
(136, 5, 0.448, 4),
(137, 5, 0.496, 6),
(138, 5, 0.544, 5),
(139, 5, 0.52, 7),
(140, 5, 0.448, 8),
(141, 5, 0.496, 10),
(142, 5, 0.52, 9),
(143, 5, 0.496, 11),
(144, 5, 0.448, 12),
(145, 5, 0.496, 14),
(146, 5, 0.496, 13),
(147, 5, 0.472, 15),
(148, 5, 0.472, 16),
(149, 5, 0.424, 17),
(150, 5, 0.448, 18),
(151, 5, 0.424, 19),
(152, 5, 0.568, 20),
(153, 5, 0.496, 21),
(154, 5, 0.544, 22),
(155, 5, 0.52, 23),
(156, 5, 0.544, 24);

-- SEEDING ltr_admin_korekta_wr_markas
INSERT INTO ltr_admin_korekta_wr_markas (id, rodzaj_paliwa, marka_id, korekta_procent, klasa_wr_id) VALUES
(251, 1, 55, 0, 3),
(252, 5, 55, 0, 3),
(253, 4, 4, 0, 3),
(254, 1, 3, 0, 3),
(255, 5, 3, 0, 3),
(256, 1, 46, 0, 3),
(257, 5, 46, 0, 3),
(258, 1, 19, 0, 5),
(259, 5, 19, 0, 5),
(260, 2, 39, 0, 7),
(261, 1, 39, 0, 7),
(262, 5, 39, 0, 7),
(263, 1, 73, 0, 7),
(264, 1, 55, 0, 7),
(265, 5, 55, 0, 7),
(266, 2, 14, 0, 7),
(267, 1, 14, 0, 7),
(268, 5, 14, 0, 7),
(269, 2, 2, 0, 7),
(270, 1, 2, 0, 7),
(271, 5, 2, 0, 7),
(272, 2, 42, 0, 7),
(273, 1, 42, 0, 7),
(274, 5, 42, 0, 7),
(275, 2, 17, 0, 7),
(276, 1, 17, 0, 7),
(277, 5, 17, 0, 7),
(278, 2, 5, 0, 7),
(279, 1, 5, 0, 7),
(280, 5, 5, 0, 7),
(281, 2, 16, 0, 7),
(282, 1, 16, 0, 7),
(283, 5, 16, 0, 7),
(284, 4, 4, 0, 7),
(285, 2, 4, 0, 7),
(286, 1, 4, 0, 7),
(287, 5, 4, 0, 7),
(288, 2, 22, 0, 7),
(289, 1, 22, 0, 7),
(290, 5, 22, 0, 7),
(291, 2, 3, 0, 7),
(292, 1, 3, 0, 7),
(293, 5, 3, 0, 7),
(294, 2, 46, 0, 7),
(295, 1, 46, 0, 7),
(296, 5, 46, 0, 7),
(297, 2, 19, 0, 7),
(298, 1, 19, 0, 7),
(299, 5, 19, 0, 7),
(300, 5, 18, 0, 9),
(301, 2, 73, 0, 9),
(302, 1, 73, 0, 9),
(303, 5, 73, 0, 9),
(304, 2, 55, 0, 9),
(305, 1, 2, 0, 9),
(306, 5, 2, 0, 9),
(307, 4, 17, 0, 9),
(308, 1, 4, 0, 9),
(309, 5, 4, 0, 9),
(310, 1, 46, 0, 9),
(311, 5, 46, 0, 9),
(312, 2, 19, 0, 9),
(313, 5, 7, 0, 9),
(314, 5, 9, 0, 9),
(315, 2, 39, 0, 11),
(316, 1, 39, 0, 11),
(317, 5, 39, 0, 11),
(318, 2, 14, 0, 11),
(319, 1, 14, 0, 11),
(320, 5, 14, 0, 11),
(321, 2, 2, 0, 11),
(322, 1, 2, 0, 11),
(323, 5, 2, 0, 11),
(324, 2, 42, 0, 11),
(325, 1, 42, 0, 11),
(326, 5, 42, 0, 11),
(327, 2, 17, 0, 11),
(328, 1, 17, 0, 11),
(329, 5, 17, 0, 11),
(330, 2, 5, 0, 11),
(331, 1, 5, 0, 11),
(332, 5, 5, 0, 11),
(333, 2, 16, 0, 11),
(334, 1, 16, 0, 11),
(335, 5, 16, 0, 11),
(336, 2, 4, 0, 11),
(337, 1, 4, 0, 11),
(338, 5, 4, 0, 11),
(339, 2, 22, 0, 11),
(340, 1, 22, 0, 11),
(341, 5, 22, 0, 11),
(342, 2, 3, 0, 11),
(343, 1, 3, 0, 11),
(344, 5, 3, 0, 11),
(345, 2, 46, 0, 11),
(346, 1, 46, 0, 11),
(347, 5, 46, 0, 11),
(348, 2, 19, 0, 11),
(349, 1, 19, 0, 11),
(350, 5, 19, 0, 11);

INSERT INTO ltr_admin_korekta_wr_markas (id, rodzaj_paliwa, marka_id, korekta_procent, klasa_wr_id) VALUES
(351, 4, 19, 0, 11),
(352, 1, 18, 0, 13),
(353, 2, 18, 0, 13),
(354, 5, 17, 0, 13),
(355, 1, 40, 0, 13),
(356, 1, 46, 0, 13),
(357, 5, 46, 0, 13),
(358, 2, 46, 0, 13),
(359, 1, 16, 0, 13),
(360, 2, 19, 0, 13),
(361, 1, 8, 0, 15),
(362, 5, 8, 0, 15),
(363, 2, 8, 0, 15),
(364, 1, 20, 0, 15),
(365, 5, 20, 0, 15),
(366, 1, 13, 0, 15),
(367, 5, 13, 0, 15),
(368, 1, 8, 0, 16),
(369, 1, 20, 0, 16),
(370, 5, 8, 0, 16),
(371, 2, 10, 0, 16),
(372, 1, 10, 0, 16),
(373, 5, 10, 0, 16),
(374, 1, 13, 0, 16),
(375, 5, 13, 0, 16),
(376, 4, 8, 0, 17),
(377, 5, 8, 0, 17),
(378, 2, 8, 0, 17),
(379, 1, 8, 0, 17),
(380, 2, 20, 0, 17),
(381, 1, 20, 0, 17),
(382, 5, 20, 0, 17),
(383, 2, 10, 0, 17),
(384, 1, 13, 0, 17),
(385, 5, 13, 0, 17),
(386, 2, 13, 0, 17),
(387, 1, 20, 0, 19),
(388, 5, 20, 0, 19),
(389, 2, 10, 0, 19),
(390, 2, 55, 0, 20),
(391, 2, 2, 0, 20),
(392, 2, 10, 0, 20),
(393, 1, 5, 0, 20),
(394, 5, 5, 0, 20),
(395, 2, 4, 0, 20),
(396, 1, 46, 0, 20),
(397, 5, 46, 0, 20),
(398, 1, 19, 0, 20),
(399, 5, 19, 0, 20),
(400, 2, 14, 0, 21),
(401, 2, 2, 0, 21),
(402, 2, 5, 0, 21),
(403, 4, 4, 0, 21),
(404, 2, 46, 0, 21),
(405, 2, 69, 0, 23),
(406, 2, 14, 0, 23),
(407, 2, 2, 0, 23),
(408, 2, 45, 0, 23),
(409, 4, 10, 0, 23),
(410, 2, 10, 0, 23),
(411, 4, 5, 0, 23),
(412, 2, 5, 0, 23),
(413, 2, 4, 0, 23),
(414, 2, 19, 0, 23),
(415, 4, 10, 0, 22),
(416, 4, 16, 0, 22),
(417, 2, 4, 0, 22),
(418, 2, 46, 0, 22),
(419, 2, 19, 0, 22),
(420, 2, 10, 0, 22);

-- SEEDING ltr_admin_tabela_wr_deprecjacjas
INSERT INTO ltr_admin_tabela_wr_deprecjacjas (id, rodzaj_paliwa, rok, korekta_procent, klasa_wr_id) VALUES
(481, 1, 0, 0.108, 1),
(482, 1, 0, 0.138, 2),
(483, 1, 0, 0.114, 3),
(484, 1, 0, 0.138, 4),
(485, 1, 0, 0.126, 6),
(486, 1, 0, 0.114, 5),
(487, 1, 0, 0.12, 7),
(488, 1, 0, 0.138, 8),
(489, 1, 0, 0.126, 10),
(490, 1, 0, 0.12, 9),
(491, 1, 0, 0.126, 11),
(492, 1, 0, 0.138, 12),
(493, 1, 0, 0.126, 14),
(494, 1, 0, 0.126, 13),
(495, 1, 0, 0.132, 15),
(496, 1, 0, 0.132, 16),
(497, 1, 0, 0.144, 17),
(498, 1, 0, 0.138, 18),
(499, 1, 0, 0.144, 19),
(500, 1, 0, 0.108, 20),
(501, 1, 0, 0.126, 21),
(502, 1, 0, 0.114, 22),
(503, 1, 0, 0.12, 23),
(504, 1, 0, 0.114, 24),
(505, 1, 1, 0.108, 1),
(506, 1, 1, 0.138, 2),
(507, 1, 1, 0.114, 3),
(508, 1, 1, 0.138, 4),
(509, 1, 1, 0.126, 6),
(510, 1, 1, 0.114, 5),
(511, 1, 1, 0.12, 7),
(512, 1, 1, 0.138, 8),
(513, 1, 1, 0.126, 10),
(514, 1, 1, 0.12, 9),
(515, 1, 1, 0.126, 11),
(516, 1, 1, 0.138, 12),
(517, 1, 1, 0.126, 14),
(518, 1, 1, 0.126, 13),
(519, 1, 1, 0.132, 15),
(520, 1, 1, 0.132, 16),
(521, 1, 1, 0.144, 17),
(522, 1, 1, 0.138, 18),
(523, 1, 1, 0.144, 19),
(524, 1, 1, 0.108, 20),
(525, 1, 1, 0.126, 21),
(526, 1, 1, 0.114, 22),
(527, 1, 1, 0.12, 23),
(528, 1, 1, 0.114, 24),
(529, 1, 2, 0.108, 1),
(530, 1, 2, 0.138, 2),
(531, 1, 2, 0.114, 3),
(532, 1, 2, 0.138, 4),
(533, 1, 2, 0.126, 6),
(534, 1, 2, 0.114, 5),
(535, 1, 2, 0.12, 7),
(536, 1, 2, 0.138, 8),
(537, 1, 2, 0.126, 10),
(538, 1, 2, 0.12, 9),
(539, 1, 2, 0.126, 11),
(540, 1, 2, 0.138, 12),
(541, 1, 2, 0.126, 14),
(542, 1, 2, 0.126, 13),
(543, 1, 2, 0.132, 15),
(544, 1, 2, 0.132, 16),
(545, 1, 2, 0.144, 17),
(546, 1, 2, 0.138, 18),
(547, 1, 2, 0.144, 19),
(548, 1, 2, 0.108, 20),
(549, 1, 2, 0.126, 21),
(550, 1, 2, 0.114, 22),
(551, 1, 2, 0.12, 23),
(552, 1, 2, 0.114, 24),
(553, 1, 3, 0.108, 1),
(554, 1, 3, 0.138, 2),
(555, 1, 3, 0.114, 3),
(556, 1, 3, 0.138, 4),
(557, 1, 3, 0.126, 6),
(558, 1, 3, 0.114, 5),
(559, 1, 3, 0.12, 7),
(560, 1, 3, 0.138, 8),
(561, 1, 3, 0.126, 10),
(562, 1, 3, 0.12, 9),
(563, 1, 3, 0.126, 11),
(564, 1, 3, 0.138, 12),
(565, 1, 3, 0.126, 14),
(566, 1, 3, 0.126, 13),
(567, 1, 3, 0.132, 15),
(568, 1, 3, 0.132, 16),
(569, 1, 3, 0.144, 17),
(570, 1, 3, 0.138, 18),
(571, 1, 3, 0.144, 19),
(572, 1, 3, 0.108, 20),
(573, 1, 3, 0.126, 21),
(574, 1, 3, 0.114, 22),
(575, 1, 3, 0.12, 23),
(576, 1, 3, 0.114, 24),
(577, 1, 4, 0.108, 1),
(578, 1, 4, 0.138, 2),
(579, 1, 4, 0.114, 3),
(580, 1, 4, 0.138, 4);

INSERT INTO ltr_admin_tabela_wr_deprecjacjas (id, rodzaj_paliwa, rok, korekta_procent, klasa_wr_id) VALUES
(581, 1, 4, 0.126, 6),
(582, 1, 4, 0.114, 5),
(583, 1, 4, 0.12, 7),
(584, 1, 4, 0.138, 8),
(585, 1, 4, 0.126, 10),
(586, 1, 4, 0.12, 9),
(587, 1, 4, 0.126, 11),
(588, 1, 4, 0.138, 12),
(589, 1, 4, 0.126, 14),
(590, 1, 4, 0.126, 13),
(591, 1, 4, 0.132, 15),
(592, 1, 4, 0.132, 16),
(593, 1, 4, 0.144, 17),
(594, 1, 4, 0.138, 18),
(595, 1, 4, 0.144, 19),
(596, 1, 4, 0.108, 20),
(597, 1, 4, 0.126, 21),
(598, 1, 4, 0.114, 22),
(599, 1, 4, 0.12, 23),
(600, 1, 4, 0.114, 24),
(601, 1, 5, 0.108, 1),
(602, 1, 5, 0.138, 2),
(603, 1, 5, 0.114, 3),
(604, 1, 5, 0.138, 4),
(605, 1, 5, 0.126, 6),
(606, 1, 5, 0.114, 5),
(607, 1, 5, 0.12, 7),
(608, 1, 5, 0.138, 8),
(609, 1, 5, 0.126, 10),
(610, 1, 5, 0.12, 9),
(611, 1, 5, 0.126, 11),
(612, 1, 5, 0.138, 12),
(613, 1, 5, 0.126, 14),
(614, 1, 5, 0.126, 13),
(615, 1, 5, 0.132, 15),
(616, 1, 5, 0.132, 16),
(617, 1, 5, 0.144, 17),
(618, 1, 5, 0.138, 18),
(619, 1, 5, 0.144, 19),
(620, 1, 5, 0.108, 20),
(621, 1, 5, 0.126, 21),
(622, 1, 5, 0.114, 22),
(623, 1, 5, 0.12, 23),
(624, 1, 5, 0.114, 24),
(625, 1, 6, 0.108, 1),
(626, 1, 6, 0.138, 2),
(627, 1, 6, 0.114, 3),
(628, 1, 6, 0.138, 4),
(629, 1, 6, 0.126, 6),
(630, 1, 6, 0.114, 5),
(631, 1, 6, 0.12, 7),
(632, 1, 6, 0.138, 8),
(633, 1, 6, 0.126, 10),
(634, 1, 6, 0.12, 9),
(635, 1, 6, 0.126, 11),
(636, 1, 6, 0.138, 12),
(637, 1, 6, 0.126, 14),
(638, 1, 6, 0.126, 13),
(639, 1, 6, 0.132, 15),
(640, 1, 6, 0.132, 16),
(641, 1, 6, 0.144, 17),
(642, 1, 6, 0.138, 18),
(643, 1, 6, 0.144, 19),
(644, 1, 6, 0.108, 20),
(645, 1, 6, 0.126, 21),
(646, 1, 6, 0.114, 22),
(647, 1, 6, 0.12, 23),
(648, 1, 6, 0.114, 24),
(649, 1, 7, 0.108, 1),
(650, 1, 7, 0.138, 2),
(651, 1, 7, 0.114, 3),
(652, 1, 7, 0.138, 4),
(653, 1, 7, 0.126, 6),
(654, 1, 7, 0.114, 5),
(655, 1, 7, 0.12, 7),
(656, 1, 7, 0.138, 8),
(657, 1, 7, 0.126, 10),
(658, 1, 7, 0.12, 9),
(659, 1, 7, 0.126, 11),
(660, 1, 7, 0.138, 12),
(661, 1, 7, 0.126, 14),
(662, 1, 7, 0.126, 13),
(663, 1, 7, 0.132, 15),
(664, 1, 7, 0.132, 16),
(665, 1, 7, 0.144, 17),
(666, 1, 7, 0.138, 18),
(667, 1, 7, 0.144, 19),
(668, 1, 7, 0.108, 20),
(669, 1, 7, 0.126, 21),
(670, 1, 7, 0.114, 22),
(671, 1, 7, 0.12, 23),
(672, 1, 7, 0.114, 24),
(673, 2, 0, 0.108, 1),
(674, 2, 0, 0.138, 2),
(675, 2, 0, 0.114, 3),
(676, 2, 0, 0.138, 4),
(677, 2, 0, 0.126, 6),
(678, 2, 0, 0.114, 5),
(679, 2, 0, 0.12, 7),
(680, 2, 0, 0.138, 8);

INSERT INTO ltr_admin_tabela_wr_deprecjacjas (id, rodzaj_paliwa, rok, korekta_procent, klasa_wr_id) VALUES
(681, 2, 0, 0.126, 10),
(682, 2, 0, 0.12, 9),
(683, 2, 0, 0.126, 11),
(684, 2, 0, 0.138, 12),
(685, 2, 0, 0.126, 14),
(686, 2, 0, 0.126, 13),
(687, 2, 0, 0.132, 15),
(688, 2, 0, 0.132, 16),
(689, 2, 0, 0.144, 17),
(690, 2, 0, 0.138, 18),
(691, 2, 0, 0.144, 19),
(692, 2, 0, 0.108, 20),
(693, 2, 0, 0.126, 21),
(694, 2, 0, 0.114, 22),
(695, 2, 0, 0.12, 23),
(696, 2, 0, 0.114, 24),
(697, 2, 1, 0.108, 1),
(698, 2, 1, 0.138, 2),
(699, 2, 1, 0.114, 3),
(700, 2, 1, 0.138, 4),
(701, 2, 1, 0.126, 6),
(702, 2, 1, 0.114, 5),
(703, 2, 1, 0.12, 7),
(704, 2, 1, 0.138, 8),
(705, 2, 1, 0.126, 10),
(706, 2, 1, 0.12, 9),
(707, 2, 1, 0.126, 11),
(708, 2, 1, 0.138, 12),
(709, 2, 1, 0.126, 14),
(710, 2, 1, 0.126, 13),
(711, 2, 1, 0.132, 15),
(712, 2, 1, 0.132, 16),
(713, 2, 1, 0.144, 17),
(714, 2, 1, 0.138, 18),
(715, 2, 1, 0.144, 19),
(716, 2, 1, 0.108, 20),
(717, 2, 1, 0.126, 21),
(718, 2, 1, 0.114, 22),
(719, 2, 1, 0.12, 23),
(720, 2, 1, 0.114, 24),
(721, 2, 2, 0.108, 1),
(722, 2, 2, 0.138, 2),
(723, 2, 2, 0.114, 3),
(724, 2, 2, 0.138, 4),
(725, 2, 2, 0.126, 6),
(726, 2, 2, 0.114, 5),
(727, 2, 2, 0.12, 7),
(728, 2, 2, 0.138, 8),
(729, 2, 2, 0.126, 10),
(730, 2, 2, 0.12, 9),
(731, 2, 2, 0.126, 11),
(732, 2, 2, 0.138, 12),
(733, 2, 2, 0.126, 14),
(734, 2, 2, 0.126, 13),
(735, 2, 2, 0.132, 15),
(736, 2, 2, 0.132, 16),
(737, 2, 2, 0.144, 17),
(738, 2, 2, 0.138, 18),
(739, 2, 2, 0.144, 19),
(740, 2, 2, 0.108, 20),
(741, 2, 2, 0.126, 21),
(742, 2, 2, 0.114, 22),
(743, 2, 2, 0.12, 23),
(744, 2, 2, 0.114, 24),
(745, 2, 3, 0.108, 1),
(746, 2, 3, 0.138, 2),
(747, 2, 3, 0.114, 3),
(748, 2, 3, 0.138, 4),
(749, 2, 3, 0.126, 6),
(750, 2, 3, 0.114, 5),
(751, 2, 3, 0.12, 7),
(752, 2, 3, 0.138, 8),
(753, 2, 3, 0.126, 10),
(754, 2, 3, 0.12, 9),
(755, 2, 3, 0.126, 11),
(756, 2, 3, 0.138, 12),
(757, 2, 3, 0.126, 14),
(758, 2, 3, 0.126, 13),
(759, 2, 3, 0.132, 15),
(760, 2, 3, 0.132, 16),
(761, 2, 3, 0.144, 17),
(762, 2, 3, 0.138, 18),
(763, 2, 3, 0.144, 19),
(764, 2, 3, 0.108, 20),
(765, 2, 3, 0.126, 21),
(766, 2, 3, 0.114, 22),
(767, 2, 3, 0.12, 23),
(768, 2, 3, 0.114, 24),
(769, 2, 4, 0.108, 1),
(770, 2, 4, 0.138, 2),
(771, 2, 4, 0.114, 3),
(772, 2, 4, 0.138, 4),
(773, 2, 4, 0.126, 6),
(774, 2, 4, 0.114, 5),
(775, 2, 4, 0.12, 7),
(776, 2, 4, 0.138, 8),
(777, 2, 4, 0.126, 10),
(778, 2, 4, 0.12, 9),
(779, 2, 4, 0.126, 11),
(780, 2, 4, 0.138, 12);

INSERT INTO ltr_admin_tabela_wr_deprecjacjas (id, rodzaj_paliwa, rok, korekta_procent, klasa_wr_id) VALUES
(781, 2, 4, 0.126, 14),
(782, 2, 4, 0.126, 13),
(783, 2, 4, 0.132, 15),
(784, 2, 4, 0.132, 16),
(785, 2, 4, 0.144, 17),
(786, 2, 4, 0.138, 18),
(787, 2, 4, 0.144, 19),
(788, 2, 4, 0.108, 20),
(789, 2, 4, 0.126, 21),
(790, 2, 4, 0.114, 22),
(791, 2, 4, 0.12, 23),
(792, 2, 4, 0.114, 24),
(793, 2, 5, 0.108, 1),
(794, 2, 5, 0.138, 2),
(795, 2, 5, 0.114, 3),
(796, 2, 5, 0.138, 4),
(797, 2, 5, 0.126, 6),
(798, 2, 5, 0.114, 5),
(799, 2, 5, 0.12, 7),
(800, 2, 5, 0.138, 8),
(801, 2, 5, 0.126, 10),
(802, 2, 5, 0.12, 9),
(803, 2, 5, 0.126, 11),
(804, 2, 5, 0.138, 12),
(805, 2, 5, 0.126, 14),
(806, 2, 5, 0.126, 13),
(807, 2, 5, 0.132, 15),
(808, 2, 5, 0.132, 16),
(809, 2, 5, 0.144, 17),
(810, 2, 5, 0.138, 18),
(811, 2, 5, 0.144, 19),
(812, 2, 5, 0.108, 20),
(813, 2, 5, 0.126, 21),
(814, 2, 5, 0.114, 22),
(815, 2, 5, 0.12, 23),
(816, 2, 5, 0.114, 24),
(817, 2, 6, 0.108, 1),
(818, 2, 6, 0.138, 2),
(819, 2, 6, 0.114, 3),
(820, 2, 6, 0.138, 4),
(821, 2, 6, 0.126, 6),
(822, 2, 6, 0.114, 5),
(823, 2, 6, 0.12, 7),
(824, 2, 6, 0.138, 8),
(825, 2, 6, 0.126, 10),
(826, 2, 6, 0.12, 9),
(827, 2, 6, 0.126, 11),
(828, 2, 6, 0.138, 12),
(829, 2, 6, 0.126, 14),
(830, 2, 6, 0.126, 13),
(831, 2, 6, 0.132, 15),
(832, 2, 6, 0.132, 16),
(833, 2, 6, 0.144, 17),
(834, 2, 6, 0.138, 18),
(835, 2, 6, 0.144, 19),
(836, 2, 6, 0.108, 20),
(837, 2, 6, 0.126, 21),
(838, 2, 6, 0.114, 22),
(839, 2, 6, 0.12, 23),
(840, 2, 6, 0.114, 24),
(841, 2, 7, 0.108, 1),
(842, 2, 7, 0.138, 2),
(843, 2, 7, 0.114, 3),
(844, 2, 7, 0.138, 4),
(845, 2, 7, 0.126, 6),
(846, 2, 7, 0.114, 5),
(847, 2, 7, 0.12, 7),
(848, 2, 7, 0.138, 8),
(849, 2, 7, 0.126, 10),
(850, 2, 7, 0.12, 9),
(851, 2, 7, 0.126, 11),
(852, 2, 7, 0.138, 12),
(853, 2, 7, 0.126, 14),
(854, 2, 7, 0.126, 13),
(855, 2, 7, 0.132, 15),
(856, 2, 7, 0.132, 16),
(857, 2, 7, 0.144, 17),
(858, 2, 7, 0.138, 18),
(859, 2, 7, 0.144, 19),
(860, 2, 7, 0.108, 20),
(861, 2, 7, 0.126, 21),
(862, 2, 7, 0.114, 22),
(863, 2, 7, 0.12, 23),
(864, 2, 7, 0.114, 24),
(865, 4, 0, 0.108, 1),
(866, 4, 0, 0.138, 2),
(867, 4, 0, 0.114, 3),
(868, 4, 0, 0.138, 4),
(869, 4, 0, 0.126, 6),
(870, 4, 0, 0.114, 5),
(871, 4, 0, 0.12, 7),
(872, 4, 0, 0.138, 8),
(873, 4, 0, 0.126, 10),
(874, 4, 0, 0.12, 9),
(875, 4, 0, 0.126, 11),
(876, 4, 0, 0.138, 12),
(877, 4, 0, 0.126, 14),
(878, 4, 0, 0.126, 13),
(879, 4, 0, 0.132, 15),
(880, 4, 0, 0.132, 16);

INSERT INTO ltr_admin_tabela_wr_deprecjacjas (id, rodzaj_paliwa, rok, korekta_procent, klasa_wr_id) VALUES
(881, 4, 0, 0.144, 17),
(882, 4, 0, 0.138, 18),
(883, 4, 0, 0.144, 19),
(884, 4, 0, 0.108, 20),
(885, 4, 0, 0.126, 21),
(886, 4, 0, 0.114, 22),
(887, 4, 0, 0.12, 23),
(888, 4, 0, 0.114, 24),
(889, 4, 1, 0.108, 1),
(890, 4, 1, 0.138, 2),
(891, 4, 1, 0.114, 3),
(892, 4, 1, 0.138, 4),
(893, 4, 1, 0.126, 6),
(894, 4, 1, 0.114, 5),
(895, 4, 1, 0.12, 7),
(896, 4, 1, 0.138, 8),
(897, 4, 1, 0.126, 10),
(898, 4, 1, 0.12, 9),
(899, 4, 1, 0.126, 11),
(900, 4, 1, 0.138, 12),
(901, 4, 1, 0.126, 14),
(902, 4, 1, 0.126, 13),
(903, 4, 1, 0.132, 15),
(904, 4, 1, 0.132, 16),
(905, 4, 1, 0.144, 17),
(906, 4, 1, 0.138, 18),
(907, 4, 1, 0.144, 19),
(908, 4, 1, 0.108, 20),
(909, 4, 1, 0.126, 21),
(910, 4, 1, 0.114, 22),
(911, 4, 1, 0.12, 23),
(912, 4, 1, 0.114, 24),
(913, 4, 2, 0.108, 1),
(914, 4, 2, 0.138, 2),
(915, 4, 2, 0.114, 3),
(916, 4, 2, 0.138, 4),
(917, 4, 2, 0.126, 6),
(918, 4, 2, 0.114, 5),
(919, 4, 2, 0.12, 7),
(920, 4, 2, 0.138, 8),
(921, 4, 2, 0.126, 10),
(922, 4, 2, 0.12, 9),
(923, 4, 2, 0.126, 11),
(924, 4, 2, 0.138, 12),
(925, 4, 2, 0.126, 14),
(926, 4, 2, 0.126, 13),
(927, 4, 2, 0.132, 15),
(928, 4, 2, 0.132, 16),
(929, 4, 2, 0.144, 17),
(930, 4, 2, 0.138, 18),
(931, 4, 2, 0.144, 19),
(932, 4, 2, 0.108, 20),
(933, 4, 2, 0.126, 21),
(934, 4, 2, 0.114, 22),
(935, 4, 2, 0.12, 23),
(936, 4, 2, 0.114, 24),
(937, 4, 3, 0.108, 1),
(938, 4, 3, 0.138, 2),
(939, 4, 3, 0.114, 3),
(940, 4, 3, 0.138, 4),
(941, 4, 3, 0.126, 6),
(942, 4, 3, 0.114, 5),
(943, 4, 3, 0.12, 7),
(944, 4, 3, 0.138, 8),
(945, 4, 3, 0.126, 10),
(946, 4, 3, 0.12, 9),
(947, 4, 3, 0.126, 11),
(948, 4, 3, 0.138, 12),
(949, 4, 3, 0.126, 14),
(950, 4, 3, 0.126, 13),
(951, 4, 3, 0.132, 15),
(952, 4, 3, 0.132, 16),
(953, 4, 3, 0.144, 17),
(954, 4, 3, 0.138, 18),
(955, 4, 3, 0.144, 19),
(956, 4, 3, 0.108, 20),
(957, 4, 3, 0.126, 21),
(958, 4, 3, 0.114, 22),
(959, 4, 3, 0.12, 23),
(960, 4, 3, 0.114, 24),
(961, 4, 4, 0.108, 1),
(962, 4, 4, 0.138, 2),
(963, 4, 4, 0.114, 3),
(964, 4, 4, 0.138, 4),
(965, 4, 4, 0.126, 6),
(966, 4, 4, 0.114, 5),
(967, 4, 4, 0.12, 7),
(968, 4, 4, 0.138, 8),
(969, 4, 4, 0.126, 10),
(970, 4, 4, 0.12, 9),
(971, 4, 4, 0.126, 11),
(972, 4, 4, 0.138, 12),
(973, 4, 4, 0.126, 14),
(974, 4, 4, 0.126, 13),
(975, 4, 4, 0.132, 15),
(976, 4, 4, 0.132, 16),
(977, 4, 4, 0.144, 17),
(978, 4, 4, 0.138, 18),
(979, 4, 4, 0.144, 19),
(980, 4, 4, 0.108, 20);

INSERT INTO ltr_admin_tabela_wr_deprecjacjas (id, rodzaj_paliwa, rok, korekta_procent, klasa_wr_id) VALUES
(981, 4, 4, 0.126, 21),
(982, 4, 4, 0.114, 22),
(983, 4, 4, 0.12, 23),
(984, 4, 4, 0.114, 24),
(985, 4, 5, 0.108, 1),
(986, 4, 5, 0.138, 2),
(987, 4, 5, 0.114, 3),
(988, 4, 5, 0.138, 4),
(989, 4, 5, 0.126, 6),
(990, 4, 5, 0.114, 5),
(991, 4, 5, 0.12, 7),
(992, 4, 5, 0.138, 8),
(993, 4, 5, 0.126, 10),
(994, 4, 5, 0.12, 9),
(995, 4, 5, 0.126, 11),
(996, 4, 5, 0.138, 12),
(997, 4, 5, 0.126, 14),
(998, 4, 5, 0.126, 13),
(999, 4, 5, 0.132, 15),
(1000, 4, 5, 0.132, 16),
(1001, 4, 5, 0.144, 17),
(1002, 4, 5, 0.138, 18),
(1003, 4, 5, 0.144, 19),
(1004, 4, 5, 0.108, 20),
(1005, 4, 5, 0.126, 21),
(1006, 4, 5, 0.114, 22),
(1007, 4, 5, 0.12, 23),
(1008, 4, 5, 0.114, 24),
(1009, 4, 6, 0.108, 1),
(1010, 4, 6, 0.138, 2),
(1011, 4, 6, 0.114, 3),
(1012, 4, 6, 0.138, 4),
(1013, 4, 6, 0.126, 6),
(1014, 4, 6, 0.114, 5),
(1015, 4, 6, 0.12, 7),
(1016, 4, 6, 0.138, 8),
(1017, 4, 6, 0.126, 10),
(1018, 4, 6, 0.12, 9),
(1019, 4, 6, 0.126, 11),
(1020, 4, 6, 0.138, 12),
(1021, 4, 6, 0.126, 14),
(1022, 4, 6, 0.126, 13),
(1023, 4, 6, 0.132, 15),
(1024, 4, 6, 0.132, 16),
(1025, 4, 6, 0.144, 17),
(1026, 4, 6, 0.138, 18),
(1027, 4, 6, 0.144, 19),
(1028, 4, 6, 0.108, 20),
(1029, 4, 6, 0.126, 21),
(1030, 4, 6, 0.114, 22),
(1031, 4, 6, 0.12, 23),
(1032, 4, 6, 0.114, 24),
(1033, 4, 7, 0.108, 1),
(1034, 4, 7, 0.138, 2),
(1035, 4, 7, 0.114, 3),
(1036, 4, 7, 0.138, 4),
(1037, 4, 7, 0.126, 6),
(1038, 4, 7, 0.114, 5),
(1039, 4, 7, 0.12, 7),
(1040, 4, 7, 0.138, 8),
(1041, 4, 7, 0.126, 10),
(1042, 4, 7, 0.12, 9),
(1043, 4, 7, 0.126, 11),
(1044, 4, 7, 0.138, 12),
(1045, 4, 7, 0.126, 14),
(1046, 4, 7, 0.126, 13),
(1047, 4, 7, 0.132, 15),
(1048, 4, 7, 0.132, 16),
(1049, 4, 7, 0.144, 17),
(1050, 4, 7, 0.138, 18),
(1051, 4, 7, 0.144, 19),
(1052, 4, 7, 0.108, 20),
(1053, 4, 7, 0.126, 21),
(1054, 4, 7, 0.114, 22),
(1055, 4, 7, 0.12, 23),
(1056, 4, 7, 0.114, 24),
(1057, 5, 0, 0.108, 1),
(1058, 5, 0, 0.138, 2),
(1059, 5, 0, 0.114, 3),
(1060, 5, 0, 0.138, 4),
(1061, 5, 0, 0.126, 6),
(1062, 5, 0, 0.114, 5),
(1063, 5, 0, 0.12, 7),
(1064, 5, 0, 0.138, 8),
(1065, 5, 0, 0.126, 10),
(1066, 5, 0, 0.12, 9),
(1067, 5, 0, 0.126, 11),
(1068, 5, 0, 0.138, 12),
(1069, 5, 0, 0.126, 14),
(1070, 5, 0, 0.126, 13),
(1071, 5, 0, 0.132, 15),
(1072, 5, 0, 0.132, 16),
(1073, 5, 0, 0.144, 17),
(1074, 5, 0, 0.138, 18),
(1075, 5, 0, 0.144, 19),
(1076, 5, 0, 0.108, 20),
(1077, 5, 0, 0.126, 21),
(1078, 5, 0, 0.114, 22),
(1079, 5, 0, 0.12, 23),
(1080, 5, 0, 0.114, 24);

INSERT INTO ltr_admin_tabela_wr_deprecjacjas (id, rodzaj_paliwa, rok, korekta_procent, klasa_wr_id) VALUES
(1081, 5, 1, 0.108, 1),
(1082, 5, 1, 0.138, 2),
(1083, 5, 1, 0.114, 3),
(1084, 5, 1, 0.138, 4),
(1085, 5, 1, 0.126, 6),
(1086, 5, 1, 0.114, 5),
(1087, 5, 1, 0.12, 7),
(1088, 5, 1, 0.138, 8),
(1089, 5, 1, 0.126, 10),
(1090, 5, 1, 0.12, 9),
(1091, 5, 1, 0.126, 11),
(1092, 5, 1, 0.138, 12),
(1093, 5, 1, 0.126, 14),
(1094, 5, 1, 0.126, 13),
(1095, 5, 1, 0.132, 15),
(1096, 5, 1, 0.132, 16),
(1097, 5, 1, 0.144, 17),
(1098, 5, 1, 0.138, 18),
(1099, 5, 1, 0.144, 19),
(1100, 5, 1, 0.108, 20),
(1101, 5, 1, 0.126, 21),
(1102, 5, 1, 0.114, 22),
(1103, 5, 1, 0.12, 23),
(1104, 5, 1, 0.114, 24),
(1105, 5, 2, 0.108, 1),
(1106, 5, 2, 0.138, 2),
(1107, 5, 2, 0.114, 3),
(1108, 5, 2, 0.138, 4),
(1109, 5, 2, 0.126, 6),
(1110, 5, 2, 0.114, 5),
(1111, 5, 2, 0.12, 7),
(1112, 5, 2, 0.138, 8),
(1113, 5, 2, 0.126, 10),
(1114, 5, 2, 0.12, 9),
(1115, 5, 2, 0.126, 11),
(1116, 5, 2, 0.138, 12),
(1117, 5, 2, 0.126, 14),
(1118, 5, 2, 0.126, 13),
(1119, 5, 2, 0.132, 15),
(1120, 5, 2, 0.132, 16),
(1121, 5, 2, 0.144, 17),
(1122, 5, 2, 0.138, 18),
(1123, 5, 2, 0.144, 19),
(1124, 5, 2, 0.108, 20),
(1125, 5, 2, 0.126, 21),
(1126, 5, 2, 0.114, 22),
(1127, 5, 2, 0.12, 23),
(1128, 5, 2, 0.114, 24),
(1129, 5, 3, 0.108, 1),
(1130, 5, 3, 0.138, 2),
(1131, 5, 3, 0.114, 3),
(1132, 5, 3, 0.138, 4),
(1133, 5, 3, 0.126, 6),
(1134, 5, 3, 0.114, 5),
(1135, 5, 3, 0.12, 7),
(1136, 5, 3, 0.138, 8),
(1137, 5, 3, 0.126, 10),
(1138, 5, 3, 0.12, 9),
(1139, 5, 3, 0.126, 11),
(1140, 5, 3, 0.138, 12),
(1141, 5, 3, 0.126, 14),
(1142, 5, 3, 0.126, 13),
(1143, 5, 3, 0.132, 15),
(1144, 5, 3, 0.132, 16),
(1145, 5, 3, 0.144, 17),
(1146, 5, 3, 0.138, 18),
(1147, 5, 3, 0.144, 19),
(1148, 5, 3, 0.108, 20),
(1149, 5, 3, 0.126, 21),
(1150, 5, 3, 0.114, 22),
(1151, 5, 3, 0.12, 23),
(1152, 5, 3, 0.114, 24),
(1153, 5, 4, 0.108, 1),
(1154, 5, 4, 0.138, 2),
(1155, 5, 4, 0.114, 3),
(1156, 5, 4, 0.138, 4),
(1157, 5, 4, 0.126, 6),
(1158, 5, 4, 0.114, 5),
(1159, 5, 4, 0.12, 7),
(1160, 5, 4, 0.138, 8),
(1161, 5, 4, 0.126, 10),
(1162, 5, 4, 0.12, 9),
(1163, 5, 4, 0.126, 11),
(1164, 5, 4, 0.138, 12),
(1165, 5, 4, 0.126, 14),
(1166, 5, 4, 0.126, 13),
(1167, 5, 4, 0.132, 15),
(1168, 5, 4, 0.132, 16),
(1169, 5, 4, 0.144, 17),
(1170, 5, 4, 0.138, 18),
(1171, 5, 4, 0.144, 19),
(1172, 5, 4, 0.108, 20),
(1173, 5, 4, 0.126, 21),
(1174, 5, 4, 0.114, 22),
(1175, 5, 4, 0.12, 23),
(1176, 5, 4, 0.114, 24),
(1177, 5, 5, 0.108, 1),
(1178, 5, 5, 0.138, 2),
(1179, 5, 5, 0.114, 3),
(1180, 5, 5, 0.138, 4);

INSERT INTO ltr_admin_tabela_wr_deprecjacjas (id, rodzaj_paliwa, rok, korekta_procent, klasa_wr_id) VALUES
(1181, 5, 5, 0.126, 6),
(1182, 5, 5, 0.114, 5),
(1183, 5, 5, 0.12, 7),
(1184, 5, 5, 0.138, 8),
(1185, 5, 5, 0.126, 10),
(1186, 5, 5, 0.12, 9),
(1187, 5, 5, 0.126, 11),
(1188, 5, 5, 0.138, 12),
(1189, 5, 5, 0.126, 14),
(1190, 5, 5, 0.126, 13),
(1191, 5, 5, 0.132, 15),
(1192, 5, 5, 0.132, 16),
(1193, 5, 5, 0.144, 17),
(1194, 5, 5, 0.138, 18),
(1195, 5, 5, 0.144, 19),
(1196, 5, 5, 0.108, 20),
(1197, 5, 5, 0.126, 21),
(1198, 5, 5, 0.114, 22),
(1199, 5, 5, 0.12, 23),
(1200, 5, 5, 0.114, 24),
(1201, 5, 6, 0.108, 1),
(1202, 5, 6, 0.138, 2),
(1203, 5, 6, 0.114, 3),
(1204, 5, 6, 0.138, 4),
(1205, 5, 6, 0.126, 6),
(1206, 5, 6, 0.114, 5),
(1207, 5, 6, 0.12, 7),
(1208, 5, 6, 0.138, 8),
(1209, 5, 6, 0.126, 10),
(1210, 5, 6, 0.12, 9),
(1211, 5, 6, 0.126, 11),
(1212, 5, 6, 0.138, 12),
(1213, 5, 6, 0.126, 14),
(1214, 5, 6, 0.126, 13),
(1215, 5, 6, 0.132, 15),
(1216, 5, 6, 0.132, 16),
(1217, 5, 6, 0.144, 17),
(1218, 5, 6, 0.138, 18),
(1219, 5, 6, 0.144, 19),
(1220, 5, 6, 0.108, 20),
(1221, 5, 6, 0.126, 21),
(1222, 5, 6, 0.114, 22),
(1223, 5, 6, 0.12, 23),
(1224, 5, 6, 0.114, 24),
(1225, 5, 7, 0.108, 1),
(1226, 5, 7, 0.138, 2),
(1227, 5, 7, 0.114, 3),
(1228, 5, 7, 0.138, 4),
(1229, 5, 7, 0.126, 6),
(1230, 5, 7, 0.114, 5),
(1231, 5, 7, 0.12, 7),
(1232, 5, 7, 0.138, 8),
(1233, 5, 7, 0.126, 10),
(1234, 5, 7, 0.12, 9),
(1235, 5, 7, 0.126, 11),
(1236, 5, 7, 0.138, 12),
(1237, 5, 7, 0.126, 14),
(1238, 5, 7, 0.126, 13),
(1239, 5, 7, 0.132, 15),
(1240, 5, 7, 0.132, 16),
(1241, 5, 7, 0.144, 17),
(1242, 5, 7, 0.138, 18),
(1243, 5, 7, 0.144, 19),
(1244, 5, 7, 0.108, 20),
(1245, 5, 7, 0.126, 21),
(1246, 5, 7, 0.114, 22),
(1247, 5, 7, 0.12, 23),
(1248, 5, 7, 0.114, 24);

-- SEEDING ltr_admin_tabela_wr_doposazenies
INSERT INTO ltr_admin_tabela_wr_doposazenies (id, liczba_lat, rodzaj_paliwa, korekta_procent, klasa_wr_id) VALUES
(481, 0, 1, 0.5000, 1),
(482, 0, 1, 0.5000, 2),
(483, 0, 1, 0.5000, 3),
(484, 0, 1, 0.5000, 4),
(485, 0, 1, 0.5000, 6),
(486, 0, 1, 0.5000, 5),
(487, 0, 1, 0.5000, 7),
(488, 0, 1, 0.5000, 8),
(489, 0, 1, 0.5000, 10),
(490, 0, 1, 0.5000, 9),
(491, 0, 1, 0.5000, 11),
(492, 0, 1, 0.5000, 12),
(493, 0, 1, 0.5000, 14),
(494, 0, 1, 0.5000, 13),
(495, 0, 1, 0.5000, 15),
(496, 0, 1, 0.5000, 16),
(497, 0, 1, 0.5000, 17),
(498, 0, 1, 0.5000, 18),
(499, 0, 1, 0.5000, 19),
(500, 0, 1, 0.5000, 20),
(501, 0, 1, 0.5000, 21),
(502, 0, 1, 0.5000, 22),
(503, 0, 1, 0.5000, 23),
(504, 0, 1, 0.5000, 24),
(505, 1, 1, 0.5000, 1),
(506, 1, 1, 0.5000, 2),
(507, 1, 1, 0.5000, 3),
(508, 1, 1, 0.5000, 4),
(509, 1, 1, 0.5000, 6),
(510, 1, 1, 0.5000, 5),
(511, 1, 1, 0.5000, 7),
(512, 1, 1, 0.5000, 8),
(513, 1, 1, 0.5000, 10),
(514, 1, 1, 0.5000, 9),
(515, 1, 1, 0.5000, 11),
(516, 1, 1, 0.5000, 12),
(517, 1, 1, 0.5000, 14),
(518, 1, 1, 0.5000, 13),
(519, 1, 1, 0.5000, 15),
(520, 1, 1, 0.5000, 16),
(521, 1, 1, 0.5000, 17),
(522, 1, 1, 0.5000, 18),
(523, 1, 1, 0.5000, 19),
(524, 1, 1, 0.5000, 20),
(525, 1, 1, 0.5000, 21),
(526, 1, 1, 0.5000, 22),
(527, 1, 1, 0.5000, 23),
(528, 1, 1, 0.5000, 24),
(529, 2, 1, 0.5000, 1),
(530, 2, 1, 0.5000, 2),
(531, 2, 1, 0.5000, 3),
(532, 2, 1, 0.5000, 4),
(533, 2, 1, 0.5000, 6),
(534, 2, 1, 0.5000, 5),
(535, 2, 1, 0.5000, 7),
(536, 2, 1, 0.5000, 8),
(537, 2, 1, 0.5000, 10),
(538, 2, 1, 0.5000, 9),
(539, 2, 1, 0.5000, 11),
(540, 2, 1, 0.5000, 12),
(541, 2, 1, 0.5000, 14),
(542, 2, 1, 0.5000, 13),
(543, 2, 1, 0.5000, 15),
(544, 2, 1, 0.5000, 16),
(545, 2, 1, 0.5000, 17),
(546, 2, 1, 0.5000, 18),
(547, 2, 1, 0.5000, 19),
(548, 2, 1, 0.5000, 20),
(549, 2, 1, 0.5000, 21),
(550, 2, 1, 0.5000, 22),
(551, 2, 1, 0.5000, 23),
(552, 2, 1, 0.5000, 24),
(553, 3, 1, 0.5000, 1),
(554, 3, 1, 0.5000, 2),
(555, 3, 1, 0.5000, 3),
(556, 3, 1, 0.5000, 4),
(557, 3, 1, 0.5000, 6),
(558, 3, 1, 0.5000, 5),
(559, 3, 1, 0.5000, 7),
(560, 3, 1, 0.5000, 8),
(561, 3, 1, 0.5000, 10),
(562, 3, 1, 0.5000, 9),
(563, 3, 1, 0.5000, 11),
(564, 3, 1, 0.5000, 12),
(565, 3, 1, 0.5000, 14),
(566, 3, 1, 0.5000, 13),
(567, 3, 1, 0.5000, 15),
(568, 3, 1, 0.5000, 16),
(569, 3, 1, 0.5000, 17),
(570, 3, 1, 0.5000, 18),
(571, 3, 1, 0.5000, 19),
(572, 3, 1, 0.5000, 20),
(573, 3, 1, 0.5000, 21),
(574, 3, 1, 0.5000, 22),
(575, 3, 1, 0.5000, 23),
(576, 3, 1, 0.5000, 24),
(577, 4, 1, 0.5000, 1),
(578, 4, 1, 0.5000, 2),
(579, 4, 1, 0.5000, 3),
(580, 4, 1, 0.5000, 4);

INSERT INTO ltr_admin_tabela_wr_doposazenies (id, liczba_lat, rodzaj_paliwa, korekta_procent, klasa_wr_id) VALUES
(581, 4, 1, 0.5000, 6),
(582, 4, 1, 0.5000, 5),
(583, 4, 1, 0.5000, 7),
(584, 4, 1, 0.5000, 8),
(585, 4, 1, 0.5000, 10),
(586, 4, 1, 0.5000, 9),
(587, 4, 1, 0.5000, 11),
(588, 4, 1, 0.5000, 12),
(589, 4, 1, 0.5000, 14),
(590, 4, 1, 0.5000, 13),
(591, 4, 1, 0.5000, 15),
(592, 4, 1, 0.5000, 16),
(593, 4, 1, 0.5000, 17),
(594, 4, 1, 0.5000, 18),
(595, 4, 1, 0.5000, 19),
(596, 4, 1, 0.5000, 20),
(597, 4, 1, 0.5000, 21),
(598, 4, 1, 0.5000, 22),
(599, 4, 1, 0.5000, 23),
(600, 4, 1, 0.5000, 24),
(601, 5, 1, 0.5000, 1),
(602, 5, 1, 0.5000, 2),
(603, 5, 1, 0.5000, 3),
(604, 5, 1, 0.5000, 4),
(605, 5, 1, 0.5000, 6),
(606, 5, 1, 0.5000, 5),
(607, 5, 1, 0.5000, 7),
(608, 5, 1, 0.5000, 8),
(609, 5, 1, 0.5000, 10),
(610, 5, 1, 0.5000, 9),
(611, 5, 1, 0.5000, 11),
(612, 5, 1, 0.5000, 12),
(613, 5, 1, 0.5000, 14),
(614, 5, 1, 0.5000, 13),
(615, 5, 1, 0.5000, 15),
(616, 5, 1, 0.5000, 16),
(617, 5, 1, 0.5000, 17),
(618, 5, 1, 0.5000, 18),
(619, 5, 1, 0.5000, 19),
(620, 5, 1, 0.5000, 20),
(621, 5, 1, 0.5000, 21),
(622, 5, 1, 0.5000, 22),
(623, 5, 1, 0.5000, 23),
(624, 5, 1, 0.5000, 24),
(625, 6, 1, 0.5000, 1),
(626, 6, 1, 0.5000, 2),
(627, 6, 1, 0.5000, 3),
(628, 6, 1, 0.5000, 4),
(629, 6, 1, 0.5000, 6),
(630, 6, 1, 0.5000, 5),
(631, 6, 1, 0.5000, 7),
(632, 6, 1, 0.5000, 8),
(633, 6, 1, 0.5000, 10),
(634, 6, 1, 0.5000, 9),
(635, 6, 1, 0.5000, 11),
(636, 6, 1, 0.5000, 12),
(637, 6, 1, 0.5000, 14),
(638, 6, 1, 0.5000, 13),
(639, 6, 1, 0.5000, 15),
(640, 6, 1, 0.5000, 16),
(641, 6, 1, 0.5000, 17),
(642, 6, 1, 0.5000, 18),
(643, 6, 1, 0.5000, 19),
(644, 6, 1, 0.5000, 20),
(645, 6, 1, 0.5000, 21),
(646, 6, 1, 0.5000, 22),
(647, 6, 1, 0.5000, 23),
(648, 6, 1, 0.5000, 24),
(649, 7, 1, 0.5000, 1),
(650, 7, 1, 0.5000, 2),
(651, 7, 1, 0.5000, 3),
(652, 7, 1, 0.5000, 4),
(653, 7, 1, 0.5000, 6),
(654, 7, 1, 0.5000, 5),
(655, 7, 1, 0.5000, 7),
(656, 7, 1, 0.5000, 8),
(657, 7, 1, 0.5000, 10),
(658, 7, 1, 0.5000, 9),
(659, 7, 1, 0.5000, 11),
(660, 7, 1, 0.5000, 12),
(661, 7, 1, 0.5000, 14),
(662, 7, 1, 0.5000, 13),
(663, 7, 1, 0.5000, 15),
(664, 7, 1, 0.5000, 16),
(665, 7, 1, 0.5000, 17),
(666, 7, 1, 0.5000, 18),
(667, 7, 1, 0.5000, 19),
(668, 7, 1, 0.5000, 20),
(669, 7, 1, 0.5000, 21),
(670, 7, 1, 0.5000, 22),
(671, 7, 1, 0.5000, 23),
(672, 7, 1, 0.5000, 24),
(673, 0, 2, 0.5000, 1),
(674, 0, 2, 0.5000, 2),
(675, 0, 2, 0.5000, 3),
(676, 0, 2, 0.5000, 4),
(677, 0, 2, 0.5000, 6),
(678, 0, 2, 0.5000, 5),
(679, 0, 2, 0.5000, 7),
(680, 0, 2, 0.5000, 8);

INSERT INTO ltr_admin_tabela_wr_doposazenies (id, liczba_lat, rodzaj_paliwa, korekta_procent, klasa_wr_id) VALUES
(681, 0, 2, 0.5000, 10),
(682, 0, 2, 0.5000, 9),
(683, 0, 2, 0.5000, 11),
(684, 0, 2, 0.5000, 12),
(685, 0, 2, 0.5000, 14),
(686, 0, 2, 0.5000, 13),
(687, 0, 2, 0.5000, 15),
(688, 0, 2, 0.5000, 16),
(689, 0, 2, 0.5000, 17),
(690, 0, 2, 0.5000, 18),
(691, 0, 2, 0.5000, 19),
(692, 0, 2, 0.5000, 20),
(693, 0, 2, 0.5000, 21),
(694, 0, 2, 0.5000, 22),
(695, 0, 2, 0.5000, 23),
(696, 0, 2, 0.5000, 24),
(697, 1, 2, 0.5000, 1),
(698, 1, 2, 0.5000, 2),
(699, 1, 2, 0.5000, 3),
(700, 1, 2, 0.5000, 4),
(701, 1, 2, 0.5000, 6),
(702, 1, 2, 0.5000, 5),
(703, 1, 2, 0.5000, 7),
(704, 1, 2, 0.5000, 8),
(705, 1, 2, 0.5000, 10),
(706, 1, 2, 0.5000, 9),
(707, 1, 2, 0.5000, 11),
(708, 1, 2, 0.5000, 12),
(709, 1, 2, 0.5000, 14),
(710, 1, 2, 0.5000, 13),
(711, 1, 2, 0.5000, 15),
(712, 1, 2, 0.5000, 16),
(713, 1, 2, 0.5000, 17),
(714, 1, 2, 0.5000, 18),
(715, 1, 2, 0.5000, 19),
(716, 1, 2, 0.5000, 20),
(717, 1, 2, 0.5000, 21),
(718, 1, 2, 0.5000, 22),
(719, 1, 2, 0.5000, 23),
(720, 1, 2, 0.5000, 24),
(721, 2, 2, 0.5000, 1),
(722, 2, 2, 0.5000, 2),
(723, 2, 2, 0.5000, 3),
(724, 2, 2, 0.5000, 4),
(725, 2, 2, 0.5000, 6),
(726, 2, 2, 0.5000, 5),
(727, 2, 2, 0.5000, 7),
(728, 2, 2, 0.5000, 8),
(729, 2, 2, 0.5000, 10),
(730, 2, 2, 0.5000, 9),
(731, 2, 2, 0.5000, 11),
(732, 2, 2, 0.5000, 12),
(733, 2, 2, 0.5000, 14),
(734, 2, 2, 0.5000, 13),
(735, 2, 2, 0.5000, 15),
(736, 2, 2, 0.5000, 16),
(737, 2, 2, 0.5000, 17),
(738, 2, 2, 0.5000, 18),
(739, 2, 2, 0.5000, 19),
(740, 2, 2, 0.5000, 20),
(741, 2, 2, 0.5000, 21),
(742, 2, 2, 0.5000, 22),
(743, 2, 2, 0.5000, 23),
(744, 2, 2, 0.5000, 24),
(745, 3, 2, 0.5000, 1),
(746, 3, 2, 0.5000, 2),
(747, 3, 2, 0.5000, 3),
(748, 3, 2, 0.5000, 4),
(749, 3, 2, 0.5000, 6),
(750, 3, 2, 0.5000, 5),
(751, 3, 2, 0.5000, 7),
(752, 3, 2, 0.5000, 8),
(753, 3, 2, 0.5000, 10),
(754, 3, 2, 0.5000, 9),
(755, 3, 2, 0.5000, 11),
(756, 3, 2, 0.5000, 12),
(757, 3, 2, 0.5000, 14),
(758, 3, 2, 0.5000, 13),
(759, 3, 2, 0.5000, 15),
(760, 3, 2, 0.5000, 16),
(761, 3, 2, 0.5000, 17),
(762, 3, 2, 0.5000, 18),
(763, 3, 2, 0.5000, 19),
(764, 3, 2, 0.5000, 20),
(765, 3, 2, 0.5000, 21),
(766, 3, 2, 0.5000, 22),
(767, 3, 2, 0.5000, 23),
(768, 3, 2, 0.5000, 24),
(769, 4, 2, 0.5000, 1),
(770, 4, 2, 0.5000, 2),
(771, 4, 2, 0.5000, 3),
(772, 4, 2, 0.5000, 4),
(773, 4, 2, 0.5000, 6),
(774, 4, 2, 0.5000, 5),
(775, 4, 2, 0.5000, 7),
(776, 4, 2, 0.5000, 8),
(777, 4, 2, 0.5000, 10),
(778, 4, 2, 0.5000, 9),
(779, 4, 2, 0.5000, 11),
(780, 4, 2, 0.5000, 12);

INSERT INTO ltr_admin_tabela_wr_doposazenies (id, liczba_lat, rodzaj_paliwa, korekta_procent, klasa_wr_id) VALUES
(781, 4, 2, 0.5000, 14),
(782, 4, 2, 0.5000, 13),
(783, 4, 2, 0.5000, 15),
(784, 4, 2, 0.5000, 16),
(785, 4, 2, 0.5000, 17),
(786, 4, 2, 0.5000, 18),
(787, 4, 2, 0.5000, 19),
(788, 4, 2, 0.5000, 20),
(789, 4, 2, 0.5000, 21),
(790, 4, 2, 0.5000, 22),
(791, 4, 2, 0.5000, 23),
(792, 4, 2, 0.5000, 24),
(793, 5, 2, 0.5000, 1),
(794, 5, 2, 0.5000, 2),
(795, 5, 2, 0.5000, 3),
(796, 5, 2, 0.5000, 4),
(797, 5, 2, 0.5000, 6),
(798, 5, 2, 0.5000, 5),
(799, 5, 2, 0.5000, 7),
(800, 5, 2, 0.5000, 8),
(801, 5, 2, 0.5000, 10),
(802, 5, 2, 0.5000, 9),
(803, 5, 2, 0.5000, 11),
(804, 5, 2, 0.5000, 12),
(805, 5, 2, 0.5000, 14),
(806, 5, 2, 0.5000, 13),
(807, 5, 2, 0.5000, 15),
(808, 5, 2, 0.5000, 16),
(809, 5, 2, 0.5000, 17),
(810, 5, 2, 0.5000, 18),
(811, 5, 2, 0.5000, 19),
(812, 5, 2, 0.5000, 20),
(813, 5, 2, 0.5000, 21),
(814, 5, 2, 0.5000, 22),
(815, 5, 2, 0.5000, 23),
(816, 5, 2, 0.5000, 24),
(817, 6, 2, 0.5000, 1),
(818, 6, 2, 0.5000, 2),
(819, 6, 2, 0.5000, 3),
(820, 6, 2, 0.5000, 4),
(821, 6, 2, 0.5000, 6),
(822, 6, 2, 0.5000, 5),
(823, 6, 2, 0.5000, 7),
(824, 6, 2, 0.5000, 8),
(825, 6, 2, 0.5000, 10),
(826, 6, 2, 0.5000, 9),
(827, 6, 2, 0.5000, 11),
(828, 6, 2, 0.5000, 12),
(829, 6, 2, 0.5000, 14),
(830, 6, 2, 0.5000, 13),
(831, 6, 2, 0.5000, 15),
(832, 6, 2, 0.5000, 16),
(833, 6, 2, 0.5000, 17),
(834, 6, 2, 0.5000, 18),
(835, 6, 2, 0.5000, 19),
(836, 6, 2, 0.5000, 20),
(837, 6, 2, 0.5000, 21),
(838, 6, 2, 0.5000, 22),
(839, 6, 2, 0.5000, 23),
(840, 6, 2, 0.5000, 24),
(841, 7, 2, 0.5000, 1),
(842, 7, 2, 0.5000, 2),
(843, 7, 2, 0.5000, 3),
(844, 7, 2, 0.5000, 4),
(845, 7, 2, 0.5000, 6),
(846, 7, 2, 0.5000, 5),
(847, 7, 2, 0.5000, 7),
(848, 7, 2, 0.5000, 8),
(849, 7, 2, 0.5000, 10),
(850, 7, 2, 0.5000, 9),
(851, 7, 2, 0.5000, 11),
(852, 7, 2, 0.5000, 12),
(853, 7, 2, 0.5000, 14),
(854, 7, 2, 0.5000, 13),
(855, 7, 2, 0.5000, 15),
(856, 7, 2, 0.5000, 16),
(857, 7, 2, 0.5000, 17),
(858, 7, 2, 0.5000, 18),
(859, 7, 2, 0.5000, 19),
(860, 7, 2, 0.5000, 20),
(861, 7, 2, 0.5000, 21),
(862, 7, 2, 0.5000, 22),
(863, 7, 2, 0.5000, 23),
(864, 7, 2, 0.5000, 24),
(865, 0, 4, 0.5000, 1),
(866, 0, 4, 0.5000, 2),
(867, 0, 4, 0.5000, 3),
(868, 0, 4, 0.5000, 4),
(869, 0, 4, 0.5000, 6),
(870, 0, 4, 0.5000, 5),
(871, 0, 4, 0.5000, 7),
(872, 0, 4, 0.5000, 8),
(873, 0, 4, 0.5000, 10),
(874, 0, 4, 0.5000, 9),
(875, 0, 4, 0.5000, 11),
(876, 0, 4, 0.5000, 12),
(877, 0, 4, 0.5000, 14),
(878, 0, 4, 0.5000, 13),
(879, 0, 4, 0.5000, 15),
(880, 0, 4, 0.5000, 16);

INSERT INTO ltr_admin_tabela_wr_doposazenies (id, liczba_lat, rodzaj_paliwa, korekta_procent, klasa_wr_id) VALUES
(881, 0, 4, 0.5000, 17),
(882, 0, 4, 0.5000, 18),
(883, 0, 4, 0.5000, 19),
(884, 0, 4, 0.5000, 20),
(885, 0, 4, 0.5000, 21),
(886, 0, 4, 0.5000, 22),
(887, 0, 4, 0.5000, 23),
(888, 0, 4, 0.5000, 24),
(889, 1, 4, 0.5000, 1),
(890, 1, 4, 0.5000, 2),
(891, 1, 4, 0.5000, 3),
(892, 1, 4, 0.5000, 4),
(893, 1, 4, 0.5000, 6),
(894, 1, 4, 0.5000, 5),
(895, 1, 4, 0.5000, 7),
(896, 1, 4, 0.5000, 8),
(897, 1, 4, 0.5000, 10),
(898, 1, 4, 0.5000, 9),
(899, 1, 4, 0.5000, 11),
(900, 1, 4, 0.5000, 12),
(901, 1, 4, 0.5000, 14),
(902, 1, 4, 0.5000, 13),
(903, 1, 4, 0.5000, 15),
(904, 1, 4, 0.5000, 16),
(905, 1, 4, 0.5000, 17),
(906, 1, 4, 0.5000, 18),
(907, 1, 4, 0.5000, 19),
(908, 1, 4, 0.5000, 20),
(909, 1, 4, 0.5000, 21),
(910, 1, 4, 0.5000, 22),
(911, 1, 4, 0.5000, 23),
(912, 1, 4, 0.5000, 24),
(913, 2, 4, 0.5000, 1),
(914, 2, 4, 0.5000, 2),
(915, 2, 4, 0.5000, 3),
(916, 2, 4, 0.5000, 4),
(917, 2, 4, 0.5000, 6),
(918, 2, 4, 0.5000, 5),
(919, 2, 4, 0.5000, 7),
(920, 2, 4, 0.5000, 8),
(921, 2, 4, 0.5000, 10),
(922, 2, 4, 0.5000, 9),
(923, 2, 4, 0.5000, 11),
(924, 2, 4, 0.5000, 12),
(925, 2, 4, 0.5000, 14),
(926, 2, 4, 0.5000, 13),
(927, 2, 4, 0.5000, 15),
(928, 2, 4, 0.5000, 16),
(929, 2, 4, 0.5000, 17),
(930, 2, 4, 0.5000, 18),
(931, 2, 4, 0.5000, 19),
(932, 2, 4, 0.5000, 20),
(933, 2, 4, 0.5000, 21),
(934, 2, 4, 0.5000, 22),
(935, 2, 4, 0.5000, 23),
(936, 2, 4, 0.5000, 24),
(937, 3, 4, 0.5000, 1),
(938, 3, 4, 0.5000, 2),
(939, 3, 4, 0.5000, 3),
(940, 3, 4, 0.5000, 4),
(941, 3, 4, 0.5000, 6),
(942, 3, 4, 0.5000, 5),
(943, 3, 4, 0.5000, 7),
(944, 3, 4, 0.5000, 8),
(945, 3, 4, 0.5000, 10),
(946, 3, 4, 0.5000, 9),
(947, 3, 4, 0.5000, 11),
(948, 3, 4, 0.5000, 12),
(949, 3, 4, 0.5000, 14),
(950, 3, 4, 0.5000, 13),
(951, 3, 4, 0.5000, 15),
(952, 3, 4, 0.5000, 16),
(953, 3, 4, 0.5000, 17),
(954, 3, 4, 0.5000, 18),
(955, 3, 4, 0.5000, 19),
(956, 3, 4, 0.5000, 20),
(957, 3, 4, 0.5000, 21),
(958, 3, 4, 0.5000, 22),
(959, 3, 4, 0.5000, 23),
(960, 3, 4, 0.5000, 24),
(961, 4, 4, 0.5000, 1),
(962, 4, 4, 0.5000, 2),
(963, 4, 4, 0.5000, 3),
(964, 4, 4, 0.5000, 4),
(965, 4, 4, 0.5000, 6),
(966, 4, 4, 0.5000, 5),
(967, 4, 4, 0.5000, 7),
(968, 4, 4, 0.5000, 8),
(969, 4, 4, 0.5000, 10),
(970, 4, 4, 0.5000, 9),
(971, 4, 4, 0.5000, 11),
(972, 4, 4, 0.5000, 12),
(973, 4, 4, 0.5000, 14),
(974, 4, 4, 0.5000, 13),
(975, 4, 4, 0.5000, 15),
(976, 4, 4, 0.5000, 16),
(977, 4, 4, 0.5000, 17),
(978, 4, 4, 0.5000, 18),
(979, 4, 4, 0.5000, 19),
(980, 4, 4, 0.5000, 20);

INSERT INTO ltr_admin_tabela_wr_doposazenies (id, liczba_lat, rodzaj_paliwa, korekta_procent, klasa_wr_id) VALUES
(981, 4, 4, 0.5000, 21),
(982, 4, 4, 0.5000, 22),
(983, 4, 4, 0.5000, 23),
(984, 4, 4, 0.5000, 24),
(985, 5, 4, 0.5000, 1),
(986, 5, 4, 0.5000, 2),
(987, 5, 4, 0.5000, 3),
(988, 5, 4, 0.5000, 4),
(989, 5, 4, 0.5000, 6),
(990, 5, 4, 0.5000, 5),
(991, 5, 4, 0.5000, 7),
(992, 5, 4, 0.5000, 8),
(993, 5, 4, 0.5000, 10),
(994, 5, 4, 0.5000, 9),
(995, 5, 4, 0.5000, 11),
(996, 5, 4, 0.5000, 12),
(997, 5, 4, 0.5000, 14),
(998, 5, 4, 0.5000, 13),
(999, 5, 4, 0.5000, 15),
(1000, 5, 4, 0.5000, 16),
(1001, 5, 4, 0.5000, 17),
(1002, 5, 4, 0.5000, 18),
(1003, 5, 4, 0.5000, 19),
(1004, 5, 4, 0.5000, 20),
(1005, 5, 4, 0.5000, 21),
(1006, 5, 4, 0.5000, 22),
(1007, 5, 4, 0.5000, 23),
(1008, 5, 4, 0.5000, 24),
(1009, 6, 4, 0.5000, 1),
(1010, 6, 4, 0.5000, 2),
(1011, 6, 4, 0.5000, 3),
(1012, 6, 4, 0.5000, 4),
(1013, 6, 4, 0.5000, 6),
(1014, 6, 4, 0.5000, 5),
(1015, 6, 4, 0.5000, 7),
(1016, 6, 4, 0.5000, 8),
(1017, 6, 4, 0.5000, 10),
(1018, 6, 4, 0.5000, 9),
(1019, 6, 4, 0.5000, 11),
(1020, 6, 4, 0.5000, 12),
(1021, 6, 4, 0.5000, 14),
(1022, 6, 4, 0.5000, 13),
(1023, 6, 4, 0.5000, 15),
(1024, 6, 4, 0.5000, 16),
(1025, 6, 4, 0.5000, 17),
(1026, 6, 4, 0.5000, 18),
(1027, 6, 4, 0.5000, 19),
(1028, 6, 4, 0.5000, 20),
(1029, 6, 4, 0.5000, 21),
(1030, 6, 4, 0.5000, 22),
(1031, 6, 4, 0.5000, 23),
(1032, 6, 4, 0.5000, 24),
(1033, 7, 4, 0.5000, 1),
(1034, 7, 4, 0.5000, 2),
(1035, 7, 4, 0.5000, 3),
(1036, 7, 4, 0.5000, 4),
(1037, 7, 4, 0.5000, 6),
(1038, 7, 4, 0.5000, 5),
(1039, 7, 4, 0.5000, 7),
(1040, 7, 4, 0.5000, 8),
(1041, 7, 4, 0.5000, 10),
(1042, 7, 4, 0.5000, 9),
(1043, 7, 4, 0.5000, 11),
(1044, 7, 4, 0.5000, 12),
(1045, 7, 4, 0.5000, 14),
(1046, 7, 4, 0.5000, 13),
(1047, 7, 4, 0.5000, 15),
(1048, 7, 4, 0.5000, 16),
(1049, 7, 4, 0.5000, 17),
(1050, 7, 4, 0.5000, 18),
(1051, 7, 4, 0.5000, 19),
(1052, 7, 4, 0.5000, 20),
(1053, 7, 4, 0.5000, 21),
(1054, 7, 4, 0.5000, 22),
(1055, 7, 4, 0.5000, 23),
(1056, 7, 4, 0.5000, 24),
(1057, 0, 5, 0.5000, 1),
(1058, 0, 5, 0.5000, 2),
(1059, 0, 5, 0.5000, 3),
(1060, 0, 5, 0.5000, 4),
(1061, 0, 5, 0.5000, 6),
(1062, 0, 5, 0.5000, 5),
(1063, 0, 5, 0.5000, 7),
(1064, 0, 5, 0.5000, 8),
(1065, 0, 5, 0.5000, 10),
(1066, 0, 5, 0.5000, 9),
(1067, 0, 5, 0.5000, 11),
(1068, 0, 5, 0.5000, 12),
(1069, 0, 5, 0.5000, 14),
(1070, 0, 5, 0.5000, 13),
(1071, 0, 5, 0.5000, 15),
(1072, 0, 5, 0.5000, 16),
(1073, 0, 5, 0.5000, 17),
(1074, 0, 5, 0.5000, 18),
(1075, 0, 5, 0.5000, 19),
(1076, 0, 5, 0.5000, 20),
(1077, 0, 5, 0.5000, 21),
(1078, 0, 5, 0.5000, 22),
(1079, 0, 5, 0.5000, 23),
(1080, 0, 5, 0.5000, 24);

INSERT INTO ltr_admin_tabela_wr_doposazenies (id, liczba_lat, rodzaj_paliwa, korekta_procent, klasa_wr_id) VALUES
(1081, 1, 5, 0.5000, 1),
(1082, 1, 5, 0.5000, 2),
(1083, 1, 5, 0.5000, 3),
(1084, 1, 5, 0.5000, 4),
(1085, 1, 5, 0.5000, 6),
(1086, 1, 5, 0.5000, 5),
(1087, 1, 5, 0.5000, 7),
(1088, 1, 5, 0.5000, 8),
(1089, 1, 5, 0.5000, 10),
(1090, 1, 5, 0.5000, 9),
(1091, 1, 5, 0.5000, 11),
(1092, 1, 5, 0.5000, 12),
(1093, 1, 5, 0.5000, 14),
(1094, 1, 5, 0.5000, 13),
(1095, 1, 5, 0.5000, 15),
(1096, 1, 5, 0.5000, 16),
(1097, 1, 5, 0.5000, 17),
(1098, 1, 5, 0.5000, 18),
(1099, 1, 5, 0.5000, 19),
(1100, 1, 5, 0.5000, 20),
(1101, 1, 5, 0.5000, 21),
(1102, 1, 5, 0.5000, 22),
(1103, 1, 5, 0.5000, 23),
(1104, 1, 5, 0.5000, 24),
(1105, 2, 5, 0.5000, 1),
(1106, 2, 5, 0.5000, 2),
(1107, 2, 5, 0.5000, 3),
(1108, 2, 5, 0.5000, 4),
(1109, 2, 5, 0.5000, 6),
(1110, 2, 5, 0.5000, 5),
(1111, 2, 5, 0.5000, 7),
(1112, 2, 5, 0.5000, 8),
(1113, 2, 5, 0.5000, 10),
(1114, 2, 5, 0.5000, 9),
(1115, 2, 5, 0.5000, 11),
(1116, 2, 5, 0.5000, 12),
(1117, 2, 5, 0.5000, 14),
(1118, 2, 5, 0.5000, 13),
(1119, 2, 5, 0.5000, 15),
(1120, 2, 5, 0.5000, 16),
(1121, 2, 5, 0.5000, 17),
(1122, 2, 5, 0.5000, 18),
(1123, 2, 5, 0.5000, 19),
(1124, 2, 5, 0.5000, 20),
(1125, 2, 5, 0.5000, 21),
(1126, 2, 5, 0.5000, 22),
(1127, 2, 5, 0.5000, 23),
(1128, 2, 5, 0.5000, 24),
(1129, 3, 5, 0.5000, 1),
(1130, 3, 5, 0.5000, 2),
(1131, 3, 5, 0.5000, 3),
(1132, 3, 5, 0.5000, 4),
(1133, 3, 5, 0.5000, 6),
(1134, 3, 5, 0.5000, 5),
(1135, 3, 5, 0.5000, 7),
(1136, 3, 5, 0.5000, 8),
(1137, 3, 5, 0.5000, 10),
(1138, 3, 5, 0.5000, 9),
(1139, 3, 5, 0.5000, 11),
(1140, 3, 5, 0.5000, 12),
(1141, 3, 5, 0.5000, 14),
(1142, 3, 5, 0.5000, 13),
(1143, 3, 5, 0.5000, 15),
(1144, 3, 5, 0.5000, 16),
(1145, 3, 5, 0.5000, 17),
(1146, 3, 5, 0.5000, 18),
(1147, 3, 5, 0.5000, 19),
(1148, 3, 5, 0.5000, 20),
(1149, 3, 5, 0.5000, 21),
(1150, 3, 5, 0.5000, 22),
(1151, 3, 5, 0.5000, 23),
(1152, 3, 5, 0.5000, 24),
(1153, 4, 5, 0.5000, 1),
(1154, 4, 5, 0.5000, 2),
(1155, 4, 5, 0.5000, 3),
(1156, 4, 5, 0.5000, 4),
(1157, 4, 5, 0.5000, 6),
(1158, 4, 5, 0.5000, 5),
(1159, 4, 5, 0.5000, 7),
(1160, 4, 5, 0.5000, 8),
(1161, 4, 5, 0.5000, 10),
(1162, 4, 5, 0.5000, 9),
(1163, 4, 5, 0.5000, 11),
(1164, 4, 5, 0.5000, 12),
(1165, 4, 5, 0.5000, 14),
(1166, 4, 5, 0.5000, 13),
(1167, 4, 5, 0.5000, 15),
(1168, 4, 5, 0.5000, 16),
(1169, 4, 5, 0.5000, 17),
(1170, 4, 5, 0.5000, 18),
(1171, 4, 5, 0.5000, 19),
(1172, 4, 5, 0.5000, 20),
(1173, 4, 5, 0.5000, 21),
(1174, 4, 5, 0.5000, 22),
(1175, 4, 5, 0.5000, 23),
(1176, 4, 5, 0.5000, 24),
(1177, 5, 5, 0.5000, 1),
(1178, 5, 5, 0.5000, 2),
(1179, 5, 5, 0.5000, 3),
(1180, 5, 5, 0.5000, 4);

INSERT INTO ltr_admin_tabela_wr_doposazenies (id, liczba_lat, rodzaj_paliwa, korekta_procent, klasa_wr_id) VALUES
(1181, 5, 5, 0.5000, 6),
(1182, 5, 5, 0.5000, 5),
(1183, 5, 5, 0.5000, 7),
(1184, 5, 5, 0.5000, 8),
(1185, 5, 5, 0.5000, 10),
(1186, 5, 5, 0.5000, 9),
(1187, 5, 5, 0.5000, 11),
(1188, 5, 5, 0.5000, 12),
(1189, 5, 5, 0.5000, 14),
(1190, 5, 5, 0.5000, 13),
(1191, 5, 5, 0.5000, 15),
(1192, 5, 5, 0.5000, 16),
(1193, 5, 5, 0.5000, 17),
(1194, 5, 5, 0.5000, 18),
(1195, 5, 5, 0.5000, 19),
(1196, 5, 5, 0.5000, 20),
(1197, 5, 5, 0.5000, 21),
(1198, 5, 5, 0.5000, 22),
(1199, 5, 5, 0.5000, 23),
(1200, 5, 5, 0.5000, 24),
(1201, 6, 5, 0.5000, 1),
(1202, 6, 5, 0.5000, 2),
(1203, 6, 5, 0.5000, 3),
(1204, 6, 5, 0.5000, 4),
(1205, 6, 5, 0.5000, 6),
(1206, 6, 5, 0.5000, 5),
(1207, 6, 5, 0.5000, 7),
(1208, 6, 5, 0.5000, 8),
(1209, 6, 5, 0.5000, 10),
(1210, 6, 5, 0.5000, 9),
(1211, 6, 5, 0.5000, 11),
(1212, 6, 5, 0.5000, 12),
(1213, 6, 5, 0.5000, 14),
(1214, 6, 5, 0.5000, 13),
(1215, 6, 5, 0.5000, 15),
(1216, 6, 5, 0.5000, 16),
(1217, 6, 5, 0.5000, 17),
(1218, 6, 5, 0.5000, 18),
(1219, 6, 5, 0.5000, 19),
(1220, 6, 5, 0.5000, 20),
(1221, 6, 5, 0.5000, 21),
(1222, 6, 5, 0.5000, 22),
(1223, 6, 5, 0.5000, 23),
(1224, 6, 5, 0.5000, 24),
(1225, 7, 5, 0.5000, 1),
(1226, 7, 5, 0.5000, 2),
(1227, 7, 5, 0.5000, 3),
(1228, 7, 5, 0.5000, 4),
(1229, 7, 5, 0.5000, 6),
(1230, 7, 5, 0.5000, 5),
(1231, 7, 5, 0.5000, 7),
(1232, 7, 5, 0.5000, 8),
(1233, 7, 5, 0.5000, 10),
(1234, 7, 5, 0.5000, 9),
(1235, 7, 5, 0.5000, 11),
(1236, 7, 5, 0.5000, 12),
(1237, 7, 5, 0.5000, 14),
(1238, 7, 5, 0.5000, 13),
(1239, 7, 5, 0.5000, 15),
(1240, 7, 5, 0.5000, 16),
(1241, 7, 5, 0.5000, 17),
(1242, 7, 5, 0.5000, 18),
(1243, 7, 5, 0.5000, 19),
(1244, 7, 5, 0.5000, 20),
(1245, 7, 5, 0.5000, 21),
(1246, 7, 5, 0.5000, 22),
(1247, 7, 5, 0.5000, 23),
(1248, 7, 5, 0.5000, 24);

-- SEEDING ltr_admin_tabela_wr_przebiegs
INSERT INTO ltr_admin_tabela_wr_przebiegs (id, korekta_procent_ponizej_190, korekta_procent_powyzej_190, klasa_wr_id) VALUES
(16, 0.0020, 0.0010, 1),
(17, 0.0020, 0.0010, 2),
(18, 0.0020, 0.0010, 3),
(19, 0.0020, 0.0010, 4),
(20, 0.0020, 0.0010, 6),
(21, 0.0020, 0.0010, 5),
(22, 0.0020, 0.0010, 7),
(23, 0.0020, 0.0010, 8),
(24, 0.0020, 0.0010, 10),
(25, 0.0020, 0.0010, 9),
(26, 0.0020, 0.0010, 11),
(27, 0.0020, 0.0010, 12),
(28, 0.0020, 0.0010, 14),
(29, 0.0020, 0.0010, 13),
(30, 0.0020, 0.0010, 15),
(31, 0.0020, 0.0010, 16),
(32, 0.0020, 0.0010, 17),
(33, 0.0020, 0.0010, 18),
(34, 0.0020, 0.0010, 19),
(35, 0.0020, 0.0010, 20),
(36, 0.0020, 0.0010, 21),
(37, 0.0020, 0.0010, 22),
(38, 0.0020, 0.0010, 23),
(39, 0.0020, 0.0010, 24);

-- Setup RLS
ALTER TABLE samar_klasa_wr ENABLE ROW LEVEL SECURITY;
CREATE POLICY "Enable ALL for authenticated users on samar_klasa_wr" ON samar_klasa_wr FOR ALL TO authenticated USING (true) WITH CHECK (true);
CREATE POLICY "Enable READ for anon users on samar_klasa_wr" ON samar_klasa_wr FOR SELECT TO anon USING (true);

ALTER TABLE ltr_admin_korekta_wr_roczniks ENABLE ROW LEVEL SECURITY;
CREATE POLICY "Enable ALL for authenticated users on ltr_admin_korekta_wr_roczniks" ON ltr_admin_korekta_wr_roczniks FOR ALL TO authenticated USING (true) WITH CHECK (true);
CREATE POLICY "Enable READ for anon users on ltr_admin_korekta_wr_roczniks" ON ltr_admin_korekta_wr_roczniks FOR SELECT TO anon USING (true);

ALTER TABLE ltr_admin_korekta_wr_kolors ENABLE ROW LEVEL SECURITY;
CREATE POLICY "Enable ALL for authenticated users on ltr_admin_korekta_wr_kolors" ON ltr_admin_korekta_wr_kolors FOR ALL TO authenticated USING (true) WITH CHECK (true);
CREATE POLICY "Enable READ for anon users on ltr_admin_korekta_wr_kolors" ON ltr_admin_korekta_wr_kolors FOR SELECT TO anon USING (true);

ALTER TABLE ltr_admin_korekta_wr_zabudowas ENABLE ROW LEVEL SECURITY;
CREATE POLICY "Enable ALL for authenticated users on ltr_admin_korekta_wr_zabudowas" ON ltr_admin_korekta_wr_zabudowas FOR ALL TO authenticated USING (true) WITH CHECK (true);
CREATE POLICY "Enable READ for anon users on ltr_admin_korekta_wr_zabudowas" ON ltr_admin_korekta_wr_zabudowas FOR SELECT TO anon USING (true);

ALTER TABLE ltr_admin_tabela_wr_klasas ENABLE ROW LEVEL SECURITY;
CREATE POLICY "Enable ALL for authenticated users on ltr_admin_tabela_wr_klasas" ON ltr_admin_tabela_wr_klasas FOR ALL TO authenticated USING (true) WITH CHECK (true);
CREATE POLICY "Enable READ for anon users on ltr_admin_tabela_wr_klasas" ON ltr_admin_tabela_wr_klasas FOR SELECT TO anon USING (true);

ALTER TABLE ltr_admin_korekta_wr_markas ENABLE ROW LEVEL SECURITY;
CREATE POLICY "Enable ALL for authenticated users on ltr_admin_korekta_wr_markas" ON ltr_admin_korekta_wr_markas FOR ALL TO authenticated USING (true) WITH CHECK (true);
CREATE POLICY "Enable READ for anon users on ltr_admin_korekta_wr_markas" ON ltr_admin_korekta_wr_markas FOR SELECT TO anon USING (true);

ALTER TABLE ltr_admin_tabela_wr_deprecjacjas ENABLE ROW LEVEL SECURITY;
CREATE POLICY "Enable ALL for authenticated users on ltr_admin_tabela_wr_deprecjacjas" ON ltr_admin_tabela_wr_deprecjacjas FOR ALL TO authenticated USING (true) WITH CHECK (true);
CREATE POLICY "Enable READ for anon users on ltr_admin_tabela_wr_deprecjacjas" ON ltr_admin_tabela_wr_deprecjacjas FOR SELECT TO anon USING (true);

ALTER TABLE ltr_admin_tabela_wr_doposazenies ENABLE ROW LEVEL SECURITY;
CREATE POLICY "Enable ALL for authenticated users on ltr_admin_tabela_wr_doposazenies" ON ltr_admin_tabela_wr_doposazenies FOR ALL TO authenticated USING (true) WITH CHECK (true);
CREATE POLICY "Enable READ for anon users on ltr_admin_tabela_wr_doposazenies" ON ltr_admin_tabela_wr_doposazenies FOR SELECT TO anon USING (true);

ALTER TABLE ltr_admin_tabela_wr_przebiegs ENABLE ROW LEVEL SECURITY;
CREATE POLICY "Enable ALL for authenticated users on ltr_admin_tabela_wr_przebiegs" ON ltr_admin_tabela_wr_przebiegs FOR ALL TO authenticated USING (true) WITH CHECK (true);
CREATE POLICY "Enable READ for anon users on ltr_admin_tabela_wr_przebiegs" ON ltr_admin_tabela_wr_przebiegs FOR SELECT TO anon USING (true);

